,震央地名,最大震度
0,Eastern Aichi Prefecture,Seismic intensity 1
1,Northern coast of Iwate Prefecture,Seismic intensity 1
2,Northern Ibaraki Prefecture,seismic intensity 5 lower
3,West offshore of the Ogasawara Islands,Seismic intensity 1
4,Tokyo Bay,Seismic intensity 1
5,Sea near Chichijima Island,Seismic intensity 1
6,"Aizu, Fukushima Prefecture",Seismic intensity 1
7,Off the coast of Fukushima Prefecture,Seismic intensity 1
8,"Noto region, Ishikawa Prefecture",Seismic intensity 1
9,Off the coast of Fukushima Prefecture,Seismic intensity 2
10,Off the coast of Fukushima Prefecture,Seismic intensity 1
11,Off the coast of Fukushima Prefecture,Seismic intensity 1
12,Sea near the Tokara Islands,Seismic intensity 1
13,Southern part of Kyoto Prefecture,Seismic intensity 1
14,off the Noto Peninsula,Seismic intensity 1
15,Northern Ibaraki Prefecture,Seismic intensity 1
16,Northwest offshore of Amami Oshima,Seismic intensity 2
17,"Hamadori, Fukushima Prefecture",Seismic intensity 1
18,Off the coast of Fukushima Prefecture,Seismic intensity 1
19,Off the coast of Fukushima Prefecture,Seismic intensity 3
20,Off the coast of Fukushima Prefecture,Seismic intensity 1
21,Off the east coast of Aomori Prefecture,Seismic intensity 1
22,Southern Ibaraki Prefecture,Seismic intensity 2
23,Off the eastern coast of Hachijojima,Seismic intensity 1
24,Northwest off Okinawa main island,Seismic intensity 1
25,Northwest off Okinawa main island,Seismic intensity 1
26,Off Kushiro,Seismic intensity 1
27,Northwest off Okinawa main island,Seismic intensity 1
28,Northwest offshore of Amami Oshima,Seismic intensity 1
29,Northwest off Okinawa main island,Seismic intensity 1
30,Southern Ibaraki Prefecture,Seismic intensity 2
31,Southern part of Kyoto Prefecture,Seismic intensity 2
32,Southern part of Kyoto Prefecture,Seismic intensity 1
33,Northwest off Okinawa main island,Seismic intensity 2
34,Northwest off Okinawa main island,Seismic intensity 1
35,Northwest off Okinawa main island,Seismic intensity 1
36,Northern Tochigi Prefecture,Seismic intensity 1
37,off the southeast coast of Chiba Prefecture,Seismic intensity 2
38,Northwest Chiba Prefecture,Seismic intensity 1
39,Northwest off Okinawa main island,Seismic intensity 1
40,Off Miyagi Prefecture,Seismic intensity 1
41,Offshore of Iwo Jima,Seismic intensity 1
42,Sea near Chichijima Island,Seismic intensity 1
43,Southern part of Kyoto Prefecture,Seismic intensity 2
44,"Kumamoto region, Kumamoto prefecture",Seismic intensity 2
45,Hyuganada,Seismic intensity 1
46,Southern Nagano Prefecture,Seismic intensity 1
47,Off the coast of Ibaraki prefecture,Seismic intensity 1
48,Off the coast of Ibaraki prefecture,Seismic intensity 2
49,Off the coast of Fukushima Prefecture,Seismic intensity 3
50,Boso Peninsula south offshore,Seismic intensity 1
51,Sea near the Tokara Islands,Seismic intensity 1
52,"Noto region, Ishikawa Prefecture",Seismic intensity 2
53,Off Tokachi,Seismic intensity 1
54,Kii Channel,Seismic intensity 1
55,Southern Saitama Prefecture,Seismic intensity 1
56,"Noto region, Ishikawa Prefecture",Seismic intensity 1
57,Off the coast of Ibaraki prefecture,Seismic intensity 1
58,Southern Wakayama Prefecture,Seismic intensity 1
59,"Noto region, Ishikawa Prefecture",Seismic intensity 2
60,"Noto region, Ishikawa Prefecture",Seismic intensity 2
61,"Noto region, Ishikawa Prefecture",Seismic intensity 2
62,"Noto region, Ishikawa Prefecture",Seismic intensity 1
63,"Noto region, Ishikawa Prefecture",Seismic intensity 4
64,Off the southeastern coast of the Nemuro Peninsula,Seismic intensity 2
65,Northern Ibaraki Prefecture,Seismic intensity 1
66,Southern Wakayama Prefecture,Seismic intensity 1
67,Sea near Niijima and Kozushima,Seismic intensity 1
68,Sea near the Tokara Islands,Seismic intensity 1
69,"Reihoku, Fukui Prefecture",Seismic intensity 2
70,Northern part of Osaka Prefecture,Seismic intensity 2
71,Northwest off Okinawa main island,Seismic intensity 2
72,Eastern Aichi Prefecture,Seismic intensity 4
73,Sea near Niijima and Kozushima,Seismic intensity 1
74,"Hida region, Gifu prefecture",Seismic intensity 1
75,Northern Wakayama Prefecture,Seismic intensity 4
76,Bungo Channel,Seismic intensity 1
77,Off Miyagi Prefecture,Seismic intensity 2
78,Northwest off Okinawa main island,Seismic intensity 1
79,Northwest off Okinawa main island,Seismic intensity 1
80,Sea near Amami Oshima,Seismic intensity 1
81,Sea near Amami Oshima,Seismic intensity 1
82,Off the coast of Fukushima Prefecture,Seismic intensity 4
83,Sea near the Tokara Islands,Seismic intensity 1
84,Off the coast of Fukushima Prefecture,Seismic intensity 1
85,Northern inland area of ​​Akita Prefecture,Seismic intensity 1
86,Northwest Chiba Prefecture,Seismic intensity 2
87,Northwest Chiba Prefecture,Seismic intensity 3
88,Northern Oshima,Seismic intensity 1
89,Northwest off Okinawa main island,Seismic intensity 2
90,Off the coast of Fukushima Prefecture,Seismic intensity 4
91,off the Noto Peninsula,Seismic intensity 2
92,"Noto region, Ishikawa Prefecture",Seismic intensity 2
93,off the Noto Peninsula,Seismic intensity 3
94,off the Noto Peninsula,Seismic intensity 4
95,Southern Miyagi Prefecture,Seismic intensity 1
96,Sea near Chichijima Island,Seismic intensity 1
97,Off the coast of Ibaraki prefecture,Seismic intensity 1
98,Sea near Chichijima Island,Seismic intensity 2
99,Northern part of Osaka Prefecture,Seismic intensity 3
100,Northwest off Okinawa main island,Seismic intensity 1
101,Northwest off Okinawa main island,Seismic intensity 2
102,"Eastern Tama, Tokyo",Seismic intensity 1
103,Off the coast of Fukushima Prefecture,Seismic intensity 1
104,Off the coast of Fukushima Prefecture,Seismic intensity 1
105,Off the coast of Fukushima Prefecture,Seismic intensity 1
106,Off the coast of Fukushima Prefecture,Seismic intensity 1
107,Off Miyagi Prefecture,Seismic intensity 2
108,Sea near Chichijima Island,Seismic intensity 2
109,Hyuganada,Seismic intensity 2
110,Off the coast of Fukushima Prefecture,Seismic intensity 1
111,Northern Ibaraki Prefecture,Seismic intensity 4
112,Sea near the Tokara Islands,Seismic intensity 1
113,"Amakusa, Ashikita region, Kumamoto Prefecture",Seismic intensity 1
114,Off Miyagi Prefecture,Seismic intensity 2
115,Southern Ibaraki Prefecture,Seismic intensity 1
116,Northern Wakayama Prefecture,Seismic intensity 1
117,Northern Nemuro,Seismic intensity 1
118,Near Iriomote Island,Seismic intensity 2
119,Northern Nemuro,Seismic intensity 2
120,Southern part of Kyoto Prefecture,Seismic intensity 1
121,Kuril Islands,Seismic intensity 1
122,Off the coast of Fukushima Prefecture,Seismic intensity 1
123,Southern part of Kyoto Prefecture,Seismic intensity 4
124,Tokyo Bay,Seismic intensity 4
125,Northern Tochigi Prefecture,Seismic intensity 1
126,Northwest off Okinawa main island,Seismic intensity 1
127,Off the coast of Fukushima Prefecture,Seismic intensity 1
128,Off the coast of Fukushima Prefecture,Seismic intensity 1
129,Off the coast of Ibaraki prefecture,Seismic intensity 1
130,Northwest off Okinawa main island,Seismic intensity 2
131,Northwest off Okinawa main island,Seismic intensity 3
132,Off Miyagi Prefecture,Seismic intensity 1
133,Amakusa Sea,Seismic intensity 2
134,Off the coast of Iwate Prefecture,Seismic intensity 4
135,Kii Channel,Seismic intensity 1
136,Nara Prefecture,Seismic intensity 1
137,Off Miyagi Prefecture,Seismic intensity 2
138,Off the coast of Fukushima Prefecture,Seismic intensity 3
139,Sea near Tanegashima,Seismic intensity 1
140,Central Tottori Prefecture,Seismic intensity 1
141,Off Miyagi Prefecture,Seismic intensity 1
142,Central Hidaka,Seismic intensity 2
143,Okinawa main island coastal waters,Seismic intensity 1
144,Off the coast of Fukushima Prefecture,Seismic intensity 2
145,Off the coast of Fukushima Prefecture,Seismic intensity 3
146,Off the coast of Fukushima Prefecture,Seismic intensity 1
147,Off the coast of Fukushima Prefecture,Seismic intensity 2
148,Off the coast of Fukushima Prefecture,Seismic intensity 1
149,"Noto region, Ishikawa Prefecture",Seismic intensity 1
150,Off the coast of Fukushima Prefecture,Seismic intensity 2
151,Off the coast of Fukushima Prefecture,Seismic intensity 1
152,Eastern Hidaka,Seismic intensity 4
153,Sea near Tanegashima,Seismic intensity 1
154,Northwest off Okinawa main island,Seismic intensity 2
155,Northern inland area of ​​Iwate Prefecture,Seismic intensity 1
156,Off Miyagi Prefecture,Seismic intensity 2
157,Off the southeastern coast of the Nemuro Peninsula,Seismic intensity 2
158,Off Miyagi Prefecture,Seismic intensity 1
159,Northern Nagano Prefecture,Seismic intensity 1
160,Off Tokachi,Seismic intensity 1
161,Off the coast of Fukushima Prefecture,Seismic intensity 3
162,"Reihoku, Fukui Prefecture",Seismic intensity 1
163,Off the coast of Ibaraki prefecture,Seismic intensity 1
164,Sea near the Tokara Islands,Seismic intensity 1
165,Off the southeastern coast of the Nemuro Peninsula,Seismic intensity 2
166,Off the coast of Fukushima Prefecture,Seismic intensity 2
167,The sea around Miyakojima,Seismic intensity 2
168,Off the coast of Fukushima Prefecture,Seismic intensity 4
169,Near Kunashiri Island,Seismic intensity 2
170,Off the coast of Fukushima Prefecture,Seismic intensity 1
171,Off Miyagi Prefecture,Seismic intensity 1
172,west of Satsuma peninsula,Seismic intensity 1
173,Off Miyagi Prefecture,Seismic intensity 1
174,Off the coast of Fukushima Prefecture,Seismic intensity 1
175,Off the coast of Ibaraki prefecture,Seismic intensity 1
176,Northern Saitama Prefecture,Seismic intensity 2
177,"Off the coast of Joechuetsu, Niigata Prefecture",Seismic intensity 1
178,"Off the coast of Joechuetsu, Niigata Prefecture",Seismic intensity 2
179,Off the coast of Fukushima Prefecture,Seismic intensity 2
180,"Hida region, Gifu prefecture",Seismic intensity 1
181,"Aizu, Fukushima Prefecture",Seismic intensity 2
182,Northern Miyagi Prefecture,Seismic intensity 3
183,Off Miyagi Prefecture,Seismic intensity 2
184,Northwest off Okinawa main island,Seismic intensity 2
185,Northwest off Okinawa main island,Seismic intensity 2
186,Off the coast of Fukushima Prefecture,Seismic intensity 3
187,Off the coast of Fukushima Prefecture,Seismic intensity 1
188,Northern Ibaraki Prefecture,Seismic intensity 1
189,Off the coast of Fukushima Prefecture,Seismic intensity 1
190,Northwest off Okinawa main island,Seismic intensity 1
191,Northwest off Okinawa main island,Seismic intensity 1
192,Off the coast of Fukushima Prefecture,Seismic intensity 3
193,Off the coast of Fukushima Prefecture,Seismic intensity 1
194,"Noto region, Ishikawa Prefecture",Seismic intensity 1
195,"Noto region, Ishikawa Prefecture",Seismic intensity 4
196,Northwest off Okinawa main island,Seismic intensity 1
197,"Noto region, Ishikawa Prefecture",Seismic intensity 2
198,Near Taiwan,Seismic intensity 2
199,Off Miyagi Prefecture,Seismic intensity 1
200,Off the coast of Fukushima Prefecture,Seismic intensity 1
201,Off Miyagi Prefecture,Seismic intensity 1
202,off the east coast of Hokkaido,Seismic intensity 1
203,Off Miyagi Prefecture,Seismic intensity 1
204,Off the coast of Fukushima Prefecture,Seismic intensity 1
205,Off the coast of Fukushima Prefecture,Seismic intensity 1
206,Eastern Hidaka,Seismic intensity 1
207,Off Miyagi Prefecture,Seismic intensity 1
208,Off the coast of Fukushima Prefecture,Seismic intensity 1
209,Off the coast of Fukushima Prefecture,Seismic intensity 1
210,Western Tottori Prefecture,Seismic intensity 2
211,Off Miyagi Prefecture,Seismic intensity 1
212,Off the coast of Fukushima Prefecture,Seismic intensity 2
213,Off the coast of Fukushima Prefecture,Seismic intensity 1
214,Off the coast of Fukushima Prefecture,Seismic intensity 2
215,Off the coast of Fukushima Prefecture,Seismic intensity 2
216,Off the coast of Fukushima Prefecture,Seismic intensity 1
217,Off the coast of Fukushima Prefecture,Seismic intensity 2
218,Off Miyagi Prefecture,Seismic intensity 2
219,Off the coast of Fukushima Prefecture,Seismic intensity 1
220,Off Miyagi Prefecture,Seismic intensity 1
221,Off Miyagi Prefecture,Seismic intensity 2
222,Off the southeastern coast of the Nemuro Peninsula,Seismic intensity 1
223,Off the coast of Fukushima Prefecture,Seismic intensity 1
224,Off the coast of Iwate Prefecture,Seismic intensity 1
225,Off the coast of Fukushima Prefecture,Seismic intensity 1
226,Hyuganada,Seismic intensity 1
227,Off the coast of Fukushima Prefecture,Seismic intensity 1
228,Off the coast of Fukushima Prefecture,Seismic intensity 1
229,Northwest off Okinawa main island,Seismic intensity 1
230,"Noto region, Ishikawa Prefecture",Seismic intensity 1
231,Kii Channel,Seismic intensity 2
232,Northwest off Okinawa main island,Seismic intensity 1
233,"Chuetsu region, Niigata Prefecture",Seismic intensity 1
234,Off the coast of Fukushima Prefecture,Seismic intensity 1
235,Off Miyagi Prefecture,Seismic intensity 1
236,Off the coast of Fukushima Prefecture,Seismic intensity 1
237,Off the coast of Fukushima Prefecture,Seismic intensity 1
238,Kii Channel,Seismic intensity 1
239,Kii Channel,Seismic intensity 1
240,Off the coast of Fukushima Prefecture,Seismic intensity 2
241,Kii Channel,Seismic intensity 2
242,Off Miyagi Prefecture,Seismic intensity 1
243,Northwest offshore of Ishigaki Island,Seismic intensity 3
244,Off the coast of Fukushima Prefecture,Seismic intensity 3
245,Off the coast of Iwate Prefecture,Seismic intensity 5 upper
246,Off Miyagi Prefecture,Seismic intensity 3
247,Off the coast of Fukushima Prefecture,Seismic intensity 2
248,Off the coast of Ibaraki prefecture,Seismic intensity 1
249,Off the coast of Fukushima Prefecture,Seismic intensity 2
250,Off the coast of Fukushima Prefecture,Seismic intensity 1
251,Off the coast of Fukushima Prefecture,Seismic intensity 1
252,Southern inland area of ​​Akita Prefecture,Seismic intensity 1
253,Off the coast of Fukushima Prefecture,Seismic intensity 1
254,Southern inland area of ​​Akita Prefecture,Seismic intensity 2
255,Off the coast of Fukushima Prefecture,Seismic intensity 1
256,Off Miyagi Prefecture,Seismic intensity 1
257,Off Miyagi Prefecture,Seismic intensity 1
258,Off the coast of Fukushima Prefecture,Seismic intensity 1
259,Off the coast of Fukushima Prefecture,Seismic intensity 1
260,Northwest off Okinawa main island,Seismic intensity 2
261,Off Miyagi Prefecture,Seismic intensity 3
262,Northwest off Okinawa main island,Seismic intensity 1
263,Northwest off Okinawa main island,Seismic intensity 2
264,"Nakadori, Fukushima Prefecture",Seismic intensity 1
265,Off the coast of Fukushima Prefecture,Seismic intensity 1
266,Off the coast of Fukushima Prefecture,Seismic intensity 3
267,Off the coast of Fukushima Prefecture,Seismic intensity 1
268,Off Kushiro,Seismic intensity 2
269,"Noto region, Ishikawa Prefecture",Seismic intensity 1
270,Off the coast of Fukushima Prefecture,Seismic intensity 1
271,Northwest offshore of Ishigaki Island,Seismic intensity 2
272,Off the coast of Fukushima Prefecture,Seismic intensity 2
273,Off Miyagi Prefecture,Seismic intensity 1
274,Off the coast of Fukushima Prefecture,Seismic intensity 1
275,Off Miyagi Prefecture,Seismic intensity 1
276,Off the coast of Fukushima Prefecture,Seismic intensity 1
277,Off Miyagi Prefecture,Seismic intensity 1
278,Off the coast of Fukushima Prefecture,Seismic intensity 1
279,Off the coast of Fukushima Prefecture,Seismic intensity 1
280,Off Miyagi Prefecture,Seismic intensity 1
281,Off the coast of Fukushima Prefecture,Seismic intensity 2
282,"Reihoku, Fukui Prefecture",Seismic intensity 1
283,Central Kochi Prefecture,Seismic intensity 1
284,Off Miyagi Prefecture,Seismic intensity 1
285,Western Shimane Prefecture,Seismic intensity 1
286,Off the coast of Fukushima Prefecture,Seismic intensity 2
287,Off the coast of Fukushima Prefecture,Seismic intensity 1
288,Off the coast of Fukushima Prefecture,Seismic intensity 1
289,Off the coast of Fukushima Prefecture,Seismic intensity 2
290,Off the coast of Fukushima Prefecture,Seismic intensity 2
291,Off the coast of Fukushima Prefecture,Seismic intensity 2
292,Off the coast of Fukushima Prefecture,Seismic intensity 1
293,Off the coast of Fukushima Prefecture,Seismic intensity 1
294,Off the coast of Fukushima Prefecture,Seismic intensity 1
295,Off the coast of Fukushima Prefecture,Seismic intensity 1
296,Off Miyagi Prefecture,Seismic intensity 2
297,Off Miyagi Prefecture,Seismic intensity 1
298,Off the coast of Fukushima Prefecture,Seismic intensity 2
299,Off the coast of Iwate Prefecture,Seismic intensity 1
300,Off the coast of Fukushima Prefecture,Seismic intensity 1
301,Off the coast of Fukushima Prefecture,Seismic intensity 2
302,Off the coast of Fukushima Prefecture,Seismic intensity 4
303,Off the coast of Fukushima Prefecture,Seismic intensity 1
304,Off the coast of Fukushima Prefecture,Seismic intensity 1
305,Off the coast of Fukushima Prefecture,Seismic intensity 2
306,Off the coast of Fukushima Prefecture,Seismic intensity 1
307,Off the coast of Fukushima Prefecture,Seismic intensity 1
308,Off the coast of Fukushima Prefecture,Seismic intensity 2
309,Off the coast of Fukushima Prefecture,Seismic intensity 1
310,Off Miyagi Prefecture,Seismic intensity 1
311,Off Miyagi Prefecture,Seismic intensity 1
312,Off the coast of Fukushima Prefecture,Seismic intensity 2
313,Off Miyagi Prefecture,Seismic intensity 1
314,Off the coast of Fukushima Prefecture,Seismic intensity 3
315,Off the coast of Fukushima Prefecture,Seismic intensity 3
316,Off the coast of Fukushima Prefecture,Seismic intensity 6 upper
317,Off the coast of Fukushima Prefecture,seismic intensity 5 lower
318,Western Shimane Prefecture,Seismic intensity 1
319,Kii Channel,Seismic intensity 1
320,Off Kushiro,Seismic intensity 2
321,Northern Miyagi Prefecture,Seismic intensity 1
322,Northwest off Okinawa main island,Seismic intensity 1
323,Yamaguchi prefecture northwest offing,Seismic intensity 1
324,"Hida region, Gifu prefecture",Seismic intensity 1
325,Western Kanagawa Prefecture,Seismic intensity 1
326,Central Kamikawa,Seismic intensity 1
327,Central Mie Prefecture,Seismic intensity 1
328,Northern Ibaraki Prefecture,Seismic intensity 1
329,Northern Ibaraki Prefecture,Seismic intensity 1
330,Off Tomakomai,Seismic intensity 1
331,Southern part of Kyoto Prefecture,Seismic intensity 1
332,Northern Wakayama Prefecture,Seismic intensity 2
333,Sea near Chichijima Island,Seismic intensity 1
334,Northwest off Okinawa main island,Seismic intensity 2
335,"Noto region, Ishikawa Prefecture",Seismic intensity 1
336,Off the coast of Fukushima Prefecture,Seismic intensity 1
337,off the east coast of Hokkaido,Seismic intensity 1
338,"Noto region, Ishikawa Prefecture",Seismic intensity 1
339,"Noto region, Ishikawa Prefecture",Seismic intensity 2
340,"Noto region, Ishikawa Prefecture",Seismic intensity 2
341,Off the east coast of Aomori Prefecture,Seismic intensity 1
342,Western Aichi Prefecture,Seismic intensity 1
343,Western Kanagawa Prefecture,Seismic intensity 2
344,Western Kanagawa Prefecture,Seismic intensity 2
345,"Kaga region, Ishikawa prefecture",Seismic intensity 1
346,Southeastern Hyogo Prefecture,Seismic intensity 2
347,Southeastern Hyogo Prefecture,Seismic intensity 3
348,Central and Southern Kushiro Region,Seismic intensity 1
349,"Osumi region, Kagoshima Prefecture",Seismic intensity 1
350,"Noto region, Ishikawa Prefecture",Seismic intensity 2
351,"Noto region, Ishikawa Prefecture",Seismic intensity 1
352,Southern Ibaraki Prefecture,Seismic intensity 2
353,"Aizu, Fukushima Prefecture",Seismic intensity 1
354,"Noto region, Ishikawa Prefecture",Seismic intensity 3
355,Off Kushiro,Seismic intensity 1
356,"Noto region, Ishikawa Prefecture",Seismic intensity 3
357,"Noto region, Ishikawa Prefecture",Seismic intensity 1
358,"Kumamoto region, Kumamoto prefecture",Seismic intensity 1
359,Off the southeast coast of Mie Prefecture,Seismic intensity 1
360,Off the eastern coast of Hachijojima,Seismic intensity 1
361,Central Kamikawa,Seismic intensity 2
362,Central Yamaguchi Prefecture,Seismic intensity 1
363,Ariake Sea,Seismic intensity 1
364,Eastern Kanagawa Prefecture,Seismic intensity 1
365,Central Yamaguchi Prefecture,Seismic intensity 1
366,Off the coast of Fukushima Prefecture,Seismic intensity 2
367,"Noto region, Ishikawa Prefecture",Seismic intensity 2
368,off the Noto Peninsula,Seismic intensity 4
369,Southern Chiba Prefecture,Seismic intensity 1
370,"Noto region, Ishikawa Prefecture",Seismic intensity 3
371,Off Tokachi,Seismic intensity 1
372,"Noto region, Ishikawa Prefecture",Seismic intensity 2
373,Off Miyagi Prefecture,Seismic intensity 1
374,Southern inland area of ​​Akita Prefecture,Seismic intensity 2
375,Off Miyagi Prefecture,Seismic intensity 2
376,Off Miyagi Prefecture,Seismic intensity 1
377,Off Miyagi Prefecture,Seismic intensity 1
378,Northern Ibaraki Prefecture,Seismic intensity 1
379,Sea near Amami Oshima,Seismic intensity 3
380,Okinawa main island coastal waters,Seismic intensity 1
381,Central Mie Prefecture,Seismic intensity 1
382,Off the coast of Ibaraki prefecture,Seismic intensity 1
383,Off Sanriku,Seismic intensity 1
384,Northern Wakayama Prefecture,Seismic intensity 1
385,"Noto region, Ishikawa Prefecture",Seismic intensity 1
386,Off the northwest coast of Fukuoka Prefecture,Seismic intensity 1
387,"Noto region, Ishikawa Prefecture",Seismic intensity 1
388,"Amakusa, Ashikita region, Kumamoto Prefecture",Seismic intensity 1
389,Hyuganada,Seismic intensity 2
390,Northwest off Okinawa main island,Seismic intensity 1
391,"Noto region, Ishikawa Prefecture",Seismic intensity 1
392,Southern Ibaraki Prefecture,Seismic intensity 2
393,Central Nagano Prefecture,Seismic intensity 1
394,"Midwest Mino, Gifu Prefecture",Seismic intensity 2
395,off the east coast of Hokkaido,Seismic intensity 1
396,Central Nagano Prefecture,Seismic intensity 1
397,Northwest off Okinawa main island,Seismic intensity 1
398,Off the coast of Fukushima Prefecture,Seismic intensity 1
399,Okinawa main island coastal waters,Seismic intensity 2
400,Off the southeastern coast of the Nemuro Peninsula,Seismic intensity 1
401,Off the southeastern coast of the Nemuro Peninsula,Seismic intensity 1
402,"Noto region, Ishikawa Prefecture",Seismic intensity 1
403,Sea near Chichijima Island,Seismic intensity 1
404,Off the coast of Fukushima Prefecture,Seismic intensity 1
405,"Midwest Mino, Gifu Prefecture",Seismic intensity 1
406,Off the coast of Iwate Prefecture,Seismic intensity 2
407,"Hida region, Gifu prefecture",Seismic intensity 1
408,"Hida region, Gifu prefecture",Seismic intensity 2
409,Kii Channel,Seismic intensity 1
410,Off the coast of Fukushima Prefecture,Seismic intensity 3
411,Okinawa main island coastal waters,Seismic intensity 1
412,Off the southeast coast of Etorofu Island,Seismic intensity 1
413,Northwest off Okinawa main island,Seismic intensity 2
414,Off Miyagi Prefecture,Seismic intensity 2
415,orange bay,Seismic intensity 2
416,Off Miyagi Prefecture,Seismic intensity 2
417,Off the coast of Ibaraki prefecture,Seismic intensity 1
418,Southern Wakayama Prefecture,Seismic intensity 2
419,Northwest off Okinawa main island,Seismic intensity 1
420,Northwest off Okinawa main island,Seismic intensity 2
421,Off the east coast of Aomori Prefecture,Seismic intensity 1
422,Northern coast of Iwate Prefecture,Seismic intensity 1
423,Off Kushiro,Seismic intensity 2
424,"Noto region, Ishikawa Prefecture",Seismic intensity 1
425,"Osumi region, Kagoshima Prefecture",Seismic intensity 2
426,"Satsuma region, Kagoshima prefecture",Seismic intensity 1
427,Off Urakawa,Seismic intensity 1
428,"Noto region, Ishikawa Prefecture",Seismic intensity 1
429,Off the east coast of Chiba Prefecture,Seismic intensity 1
430,Off the coast of Fukushima Prefecture,Seismic intensity 1
431,Northwest off Okinawa main island,Seismic intensity 2
432,Off the coast of Fukushima Prefecture,Seismic intensity 1
433,Southern Nemuro,Seismic intensity 2
434,Sea near the Tokara Islands,Seismic intensity 1
435,Off the coast of Ibaraki prefecture,Seismic intensity 1
436,Sea near Amami Oshima,Seismic intensity 2
437,Off Miyagi Prefecture,Seismic intensity 1
438,Off the coast of Ibaraki prefecture,Seismic intensity 3
439,Enshunada,Seismic intensity 2
440,Sea near the Tokara Islands,Seismic intensity 1
441,Sea near the Tokara Islands,Seismic intensity 1
442,Sea near the Tokara Islands,Seismic intensity 2
443,Sea near the Tokara Islands,Seismic intensity 2
444,Sea near the Tokara Islands,Seismic intensity 1
445,Sea near the Tokara Islands,Seismic intensity 3
446,Sea near the Tokara Islands,Seismic intensity 2
447,Sea near the Tokara Islands,Seismic intensity 1
448,Sea near Amami Oshima,Seismic intensity 1
449,Southern Ibaraki Prefecture,Seismic intensity 1
450,Southern Tochigi Prefecture,Seismic intensity 1
451,Off the coast of Fukushima Prefecture,Seismic intensity 2
452,Sea near Tanegashima,Seismic intensity 2
453,Okinawa main island coastal waters,Seismic intensity 2
454,Off Miyagi Prefecture,Seismic intensity 4
455,The sea around Miyakojima,Seismic intensity 2
456,Off Urakawa,Seismic intensity 3
457,Tokyo Bay,Seismic intensity 1
458,Northern Ibaraki Prefecture,Seismic intensity 1
459,Hyuganada,Seismic intensity 1
460,Northern Wakayama Prefecture,Seismic intensity 1
461,Sea near Yonaguni Island,Seismic intensity 1
462,Off the coast of Fukushima Prefecture,Seismic intensity 2
463,Sea near the Tokara Islands,Seismic intensity 2
464,Northeast off Amami Oshima,Seismic intensity 2
465,Off the coast of Ibaraki prefecture,Seismic intensity 1
466,Northeastern Chiba Prefecture,Seismic intensity 2
467,Wakasa Bay,Seismic intensity 1
468,Hyuganada,Seismic intensity 2
469,The sea around Miyakojima,Seismic intensity 1
470,"Kumamoto region, Kumamoto prefecture",Seismic intensity 1
471,"Osumi region, Kagoshima Prefecture",Seismic intensity 2
472,Off Kushiro,Seismic intensity 1
473,Off Miyagi Prefecture,Seismic intensity 1
474,Sea near the Tokara Islands,Seismic intensity 2
475,Off Tokachi,Seismic intensity 3
476,"Aizu, Fukushima Prefecture",Seismic intensity 1
477,Off the southeastern coast of the Nemuro Peninsula,Seismic intensity 1
478,Sea near the Tokara Islands,Seismic intensity 1
479,"Hamadori, Fukushima Prefecture",Seismic intensity 1
480,Central Tokachi,Seismic intensity 1
481,Southern Ibaraki Prefecture,Seismic intensity 1
482,"Noto region, Ishikawa Prefecture",Seismic intensity 2
483,Off the coast of Fukushima Prefecture,Seismic intensity 1
484,Hyuganada,Seismic intensity 2
485,Near Taiwan,Seismic intensity 2
486,"Off the coast of Joechuetsu, Niigata Prefecture",Seismic intensity 2
487,"Off the coast of Joechuetsu, Niigata Prefecture",Seismic intensity 2
488,Off Tokachi,Seismic intensity 1
489,Off the coast of Fukushima Prefecture,Seismic intensity 2
490,Eastern part of Shimane Prefecture,Seismic intensity 2
491,"Aizu, Fukushima Prefecture",Seismic intensity 1
492,Southern Nagano Prefecture,Seismic intensity 1
493,Hyuganada,Seismic intensity 1
494,Northern Miyagi Prefecture,Seismic intensity 2
495,Off the coast of Ibaraki prefecture,Seismic intensity 1
496,Sea near Amami Oshima,Seismic intensity 2
497,"Shonai region, Yamagata Prefecture",Seismic intensity 1
498,The sea around Miyakojima,Seismic intensity 1
499,Northwest off Okinawa main island,Seismic intensity 2
500,Northwest off Okinawa main island,Seismic intensity 1
501,Northwest off Okinawa main island,Seismic intensity 1
502,Northwest off Okinawa main island,Seismic intensity 1
503,Northwest off Okinawa main island,Seismic intensity 1
504,Northwest off Okinawa main island,Seismic intensity 2
505,Northwest off Okinawa main island,Seismic intensity 1
506,Northwest off Okinawa main island,Seismic intensity 1
507,"Midwest Mino, Gifu Prefecture",Seismic intensity 1
508,Off Miyagi Prefecture,Seismic intensity 2
509,"Noto region, Ishikawa Prefecture",Seismic intensity 3
510,Sea near Chichijima Island,Seismic intensity 1
511,Okinawa main island coastal waters,Seismic intensity 1
512,Southern Ibaraki Prefecture,Seismic intensity 3
513,The sea around Miyakojima,Seismic intensity 1
514,Eastern Kanagawa Prefecture,Seismic intensity 2
515,Off the east coast of Aomori Prefecture,Seismic intensity 2
516,Amakusa Sea,Seismic intensity 1
517,Northern Gunma Prefecture,Seismic intensity 1
518,Hyuganada,Seismic intensity 1
519,Northern Wakayama Prefecture,Seismic intensity 1
520,Western Aichi Prefecture,Seismic intensity 1
521,Southern Nagano Prefecture,Seismic intensity 1
522,"Noto region, Ishikawa Prefecture",Seismic intensity 1
523,Northern Wakayama Prefecture,Seismic intensity 1
524,Hyuganada,Seismic intensity 2
525,Hyuganada,Seismic intensity 2
526,"Chuetsu region, Niigata Prefecture",Seismic intensity 1
527,Off Kushiro,Seismic intensity 1
528,Amakusa Sea,Seismic intensity 1
529,Amakusa Sea,Seismic intensity 2
530,Off the east coast of Chiba Prefecture,Seismic intensity 1
531,Off the east coast of Chiba Prefecture,Seismic intensity 1
532,Off the east coast of Aomori Prefecture,Seismic intensity 1
533,Off the east coast of Chiba Prefecture,Seismic intensity 2
534,Off the coast of Ibaraki prefecture,Seismic intensity 2
535,Southern Ibaraki Prefecture,Seismic intensity 2
536,Hyuganada,Seismic intensity 1
537,Off the east coast of Chiba Prefecture,Seismic intensity 2
538,Off the coast of Iwate Prefecture,Seismic intensity 2
539,"Reihoku, Fukui Prefecture",Seismic intensity 1
540,Eastern Kanagawa Prefecture,Seismic intensity 3
541,Northwest Chiba Prefecture,Seismic intensity 2
542,Off the east coast of Chiba Prefecture,Seismic intensity 1
543,Sea near the Goto Islands,Seismic intensity 1
544,Central Nagano Prefecture,Seismic intensity 1
545,Sea near the Tokara Islands,Seismic intensity 1
546,Northern Ibaraki Prefecture,Seismic intensity 3
547,Northern inland area of ​​Iwate Prefecture,Seismic intensity 1
548,Nara Prefecture,Seismic intensity 1
549,Off Miyagi Prefecture,Seismic intensity 1
550,Nara Prefecture,Seismic intensity 3
551,Nara Prefecture,Seismic intensity 2
552,Northern Wakayama Prefecture,Seismic intensity 2
553,Off Miyagi Prefecture,Seismic intensity 1
554,Off the east coast of Aomori Prefecture,Seismic intensity 1
555,Northern Wakayama Prefecture,Seismic intensity 3
556,Off the coast of Iwate Prefecture,Seismic intensity 2
557,Off the coast of Iwate Prefecture,Seismic intensity 3
558,"Hida region, Gifu prefecture",Seismic intensity 1
559,Off Miyagi Prefecture,Seismic intensity 2
560,Hyuganada,Seismic intensity 2
561,Nara Prefecture,Seismic intensity 2
562,Off the southeastern coast of the Nemuro Peninsula,Seismic intensity 1
563,Hyuganada,Seismic intensity 1
564,Southern Ibaraki Prefecture,Seismic intensity 2
565,Northern Wakayama Prefecture,Seismic intensity 1
566,Hyuganada,Seismic intensity 1
567,Southern Ibaraki Prefecture,Seismic intensity 1
568,Northern Wakayama Prefecture,Seismic intensity 1
569,Northern Soya region,Seismic intensity 1
570,Hyuganada,Seismic intensity 1
571,Sea near Chichijima Island,Seismic intensity 1
572,Sea near Chichijima Island,Seismic intensity 2
573,Hyuganada,Seismic intensity 2
574,Sea near Amami Oshima,Seismic intensity 2
575,Hyuganada,Seismic intensity 1
576,Hyuganada,Seismic intensity 1
577,Sea near Chichijima Island,Seismic intensity 1
578,Off the east coast of Aomori Prefecture,Seismic intensity 1
579,Near Sado,Seismic intensity 2
580,Hyuganada,Seismic intensity 1
581,Off the coast of Fukushima Prefecture,Seismic intensity 1
582,Hyuganada,Seismic intensity 1
583,Hyuganada,Seismic intensity 1
584,Central Tottori Prefecture,Seismic intensity 1
585,Hyuganada,Seismic intensity 3
586,Off the southeastern coast of the Nemuro Peninsula,Seismic intensity 2
587,Hyuganada,Seismic intensity 1
588,Hyuganada,Seismic intensity 1
589,Hyuganada,Seismic intensity 1
590,Hyuganada,Seismic intensity 2
591,Hyuganada,Seismic intensity 1
592,Hyuganada,Seismic intensity 2
593,Hyuganada,Seismic intensity 3
594,Hyuganada,Seismic intensity 1
595,Hyuganada,Seismic intensity 3
596,Hyuganada,Seismic intensity 1
597,Hyuganada,Seismic intensity 1
598,Sea near Chichijima Island,Seismic intensity 1
599,Hyuganada,Seismic intensity 2
600,Hyuganada,Seismic intensity 2
601,Hyuganada,Seismic intensity 1
602,Hyuganada,Seismic intensity 1
603,Hyuganada,Seismic intensity 1
604,Hyuganada,Seismic intensity 3
605,Hyuganada,Seismic intensity 1
606,Hyuganada,Seismic intensity 2
607,Hyuganada,Seismic intensity 1
608,Hyuganada,Seismic intensity 1
609,Hyuganada,Seismic intensity 1
610,Hyuganada,Seismic intensity 1
611,Hyuganada,Seismic intensity 1
612,Hyuganada,Seismic intensity 1
613,Hyuganada,Seismic intensity 3
614,Hyuganada,Seismic intensity 2
615,Hyuganada,Seismic intensity 1
616,Hyuganada,Seismic intensity 1
617,Hyuganada,Seismic intensity 1
618,Hyuganada,Seismic intensity 5 upper
619,off the east coast of Hokkaido,Seismic intensity 1
620,Off Miyagi Prefecture,Seismic intensity 1
621,Central Tottori Prefecture,Seismic intensity 1
622,"Chuetsu region, Niigata Prefecture",Seismic intensity 1
623,Sea near the Tokara Islands,Seismic intensity 1
624,Northern coast of Iwate Prefecture,Seismic intensity 1
625,"Kumamoto region, Kumamoto prefecture",Seismic intensity 1
626,"Kumamoto region, Kumamoto prefecture",Seismic intensity 2
627,Hyuganada,Seismic intensity 1
628,Off the coast of Fukushima Prefecture,Seismic intensity 2
629,Northern Ibaraki Prefecture,Seismic intensity 2
630,"Hida region, Gifu prefecture",Seismic intensity 1
631,Enshunada,Seismic intensity 2
632,Southeastern Hyogo Prefecture,Seismic intensity 1
633,Sea near Chichijima Island,Seismic intensity 1
634,Sea near Chichijima Island,Seismic intensity 1
635,Sea near Chichijima Island,Seismic intensity 1
636,Near Taiwan,Seismic intensity 1
637,Kii Channel,Seismic intensity 2
638,Off the southeastern coast of the Nemuro Peninsula,Seismic intensity 2
639,Off the southeastern coast of the Nemuro Peninsula,Seismic intensity 1
640,Off Miyagi Prefecture,Seismic intensity 1
641,Southern Ibaraki Prefecture,Seismic intensity 1
642,Off Miyagi Prefecture,Seismic intensity 2
643,Sea near Chichijima Island,Seismic intensity 1
644,Wakasa Bay,Seismic intensity 1
645,"Noto region, Ishikawa Prefecture",Seismic intensity 2
646,Sea near Chichijima Island,Seismic intensity 2
647,Off the east coast of Chiba Prefecture,Seismic intensity 2
648,Offshore east of Osumi Peninsula,Seismic intensity 3
649,Sea near Tanegashima,Seismic intensity 1
650,Sea near Tanegashima,Seismic intensity 2
651,Off the east coast of Chiba Prefecture,Seismic intensity 1
652,Sea near Chichijima Island,Seismic intensity 1
653,Sea near Chichijima Island,Seismic intensity 2
654,The sea around Miyakojima,Seismic intensity 1
655,Southern Oita Prefecture,Seismic intensity 3
656,Off Miyagi Prefecture,Seismic intensity 2
657,Off the coast of Ibaraki prefecture,Seismic intensity 2
658,Sea near Chichijima Island,Seismic intensity 1
659,Off Kushiro,Seismic intensity 1
660,"Noto region, Ishikawa Prefecture",Seismic intensity 1
661,Sea near Amami Oshima,Seismic intensity 2
662,"Noto region, Ishikawa Prefecture",Seismic intensity 1
663,The sea around Miyakojima,Seismic intensity 1
664,Off the northwest coast of Fukuoka Prefecture,Seismic intensity 1
665,Sea near the Tokara Islands,Seismic intensity 1
666,Okinawa main island coastal waters,Seismic intensity 2
667,Off the east coast of Aomori Prefecture,Seismic intensity 1
668,off the Noto Peninsula,Seismic intensity 1
669,Northern Ibaraki Prefecture,Seismic intensity 1
670,Sea near the Tokara Islands,Seismic intensity 1
671,The sea around Miyakojima,Seismic intensity 1
672,Central Nagano Prefecture,Seismic intensity 1
673,The sea around Miyakojima,Seismic intensity 1
674,orange bay,Seismic intensity 1
675,Okinawa main island coastal waters,Seismic intensity 3
676,Western Shimane Prefecture,Seismic intensity 1
677,Southern Wakayama Prefecture,Seismic intensity 2
678,Southern Ibaraki Prefecture,Seismic intensity 1
679,Off Miyagi Prefecture,Seismic intensity 1
680,Southern Ibaraki Prefecture,Seismic intensity 3
681,Sea near Chichijima Island,Seismic intensity 1
682,Sea near the Tokara Islands,Seismic intensity 1
683,Off the coast of Fukushima Prefecture,Seismic intensity 1
684,"Noto region, Ishikawa Prefecture",Seismic intensity 2
685,Off Miyagi Prefecture,Seismic intensity 1
686,off the southwest coast of Hokkaido,Seismic intensity 1
687,Off the coast of Fukushima Prefecture,Seismic intensity 2
688,"Chuetsu region, Niigata Prefecture",Seismic intensity 1
689,Sea near Chichijima Island,Seismic intensity 5 upper
690,Hyuganada,Seismic intensity 1
691,Off Miyagi Prefecture,Seismic intensity 2
692,Near Taiwan,Seismic intensity 2
693,Southern Ibaraki Prefecture,Seismic intensity 1
694,Wakasa Bay,Seismic intensity 1
695,Off Urakawa,Seismic intensity 1
696,Off the coast of Fukushima Prefecture,Seismic intensity 1
697,Kii Channel,Seismic intensity 3
698,Sea near Izu Oshima,Seismic intensity 1
699,"Joetsu region, Niigata Prefecture",Seismic intensity 1
700,Southern Chiba Prefecture,Seismic intensity 1
701,Northeastern Chiba Prefecture,Seismic intensity 2
702,"Aizu, Fukushima Prefecture",Seismic intensity 1
703,"Aizu, Fukushima Prefecture",Seismic intensity 1
704,"Noto region, Ishikawa Prefecture",Seismic intensity 2
705,The sea around Miyakojima,Seismic intensity 2
706,Northern part of Hiroshima Prefecture,Seismic intensity 1
707,Southern part of Tokushima Prefecture,Seismic intensity 1
708,Sea near Tanegashima,Seismic intensity 1
709,Northern inland area of ​​Iwate Prefecture,Seismic intensity 1
710,"Noto region, Ishikawa Prefecture",Seismic intensity 3
711,Northern Wakayama Prefecture,Seismic intensity 2
712,The sea around Miyakojima,Seismic intensity 1
713,Sea near Yonaguni Island,Seismic intensity 2
714,Off the coast of Iwate Prefecture,Seismic intensity 1
715,Northwest Chiba Prefecture,Seismic intensity 2
716,The sea around Miyakojima,Seismic intensity 1
717,"Kumamoto region, Kumamoto prefecture",Seismic intensity 1
718,Sea near the Tokara Islands,Seismic intensity 1
719,23 wards in Tokyo,Seismic intensity 3
720,Southern part of Kyoto Prefecture,Seismic intensity 2
721,Central Nagano Prefecture,Seismic intensity 1
722,Off Urakawa,Seismic intensity 1
723,Southern part of Kyoto Prefecture,Seismic intensity 1
724,Off the east coast of Aomori Prefecture,Seismic intensity 1
725,Off Kushiro,Seismic intensity 1
726,"Amakusa, Ashikita region, Kumamoto Prefecture",Seismic intensity 1
727,Sea near the Tokara Islands,Seismic intensity 1
728,Northern coast of Iwate Prefecture,Seismic intensity 1
729,Northern Wakayama Prefecture,Seismic intensity 2
730,Northeastern Chiba Prefecture,Seismic intensity 1
731,Northern Nagano Prefecture,Seismic intensity 1
732,Offshore of Iwo Jima,Seismic intensity 1
733,"Kumamoto region, Kumamoto prefecture",Seismic intensity 1
734,Off Urakawa,Seismic intensity 2
735,Off the coast of Iwate Prefecture,Seismic intensity 1
736,The sea around Miyakojima,Seismic intensity 1
737,Sea near Chichijima Island,Seismic intensity 1
738,Off Miyagi Prefecture,Seismic intensity 1
739,Central Kochi Prefecture,Seismic intensity 2
740,The sea around Miyakojima,Seismic intensity 1
741,The sea around Miyakojima,Seismic intensity 4
742,Off the east coast of Chiba Prefecture,Seismic intensity 1
743,Off the southeastern coast of the Nemuro Peninsula,Seismic intensity 1
744,Sea near the Tokara Islands,Seismic intensity 1
745,Northern Nagano Prefecture,Seismic intensity 2
746,Near Kunashiri Island,Seismic intensity 1
747,Sea near Tanegashima,Seismic intensity 1
748,Northern Tochigi Prefecture,Seismic intensity 3
749,Northern Nagano Prefecture,Seismic intensity 1
750,Northern Nagano Prefecture,Seismic intensity 2
751,Northern Wakayama Prefecture,Seismic intensity 1
752,Sea near the Tokara Islands,Seismic intensity 1
753,Off the east coast of Chiba Prefecture,Seismic intensity 1
754,Off the east coast of Aomori Prefecture,Seismic intensity 1
755,Near Iriomote Island,Seismic intensity 1
756,Northern Wakayama Prefecture,Seismic intensity 1
757,off the Noto Peninsula,Seismic intensity 1
758,"Aizu, Fukushima Prefecture",Seismic intensity 1
759,Northwest off Okinawa main island,Seismic intensity 1
760,Sea near the Tokara Islands,Seismic intensity 1
761,Sea near the Tokara Islands,Seismic intensity 1
762,Sea near the Tokara Islands,Seismic intensity 1
763,Near Kunashiri Island,Seismic intensity 3
764,Nara Prefecture,Seismic intensity 1
765,Central Hidaka,Seismic intensity 3
766,Southern Tochigi Prefecture,Seismic intensity 2
767,Sea near the Tokara Islands,Seismic intensity 1
768,Off Miyagi Prefecture,Seismic intensity 1
769,"Noto region, Ishikawa Prefecture",Seismic intensity 1
770,Western Aichi Prefecture,Seismic intensity 1
771,Sea near Chichijima Island,Seismic intensity 1
772,Central Shizuoka Prefecture,Seismic intensity 1
773,"Satsuma region, Kagoshima prefecture",Seismic intensity 1
774,"Satsuma region, Kagoshima prefecture",Seismic intensity 1
775,Central Nagano Prefecture,Seismic intensity 1
776,Eastern Yamanashi / Fuji Five Lakes,Seismic intensity 2
777,Central Nagano Prefecture,Seismic intensity 1
778,Off the coast of Ishigaki Island,Seismic intensity 1
779,Central Nagano Prefecture,Seismic intensity 1
780,Sea near Izu Oshima,Seismic intensity 2
781,Sea near the Tokara Islands,Seismic intensity 2
782,Off the coast of Fukushima Prefecture,Seismic intensity 1
783,Off the coast of Iwate Prefecture,Seismic intensity 1
784,Sea near Amami Oshima,Seismic intensity 2
785,Southeastern Hyogo Prefecture,Seismic intensity 1
786,Northwest Chiba Prefecture,Seismic intensity 2
787,Sea near the Tokara Islands,Seismic intensity 2
788,Sea near Amami Oshima,Seismic intensity 1
789,Off Miyagi Prefecture,Seismic intensity 1
790,Central Iburi Region,Seismic intensity 1
791,Off the coast of Ibaraki prefecture,Seismic intensity 1
792,Off Miyagi Prefecture,Seismic intensity 1
793,Off the east coast of Chiba Prefecture,Seismic intensity 1
794,Sea near the Tokara Islands,Seismic intensity 2
795,Eastern Shizuoka,Seismic intensity 2
796,Sea near the Tokara Islands,Seismic intensity 1
797,Sea near the Tokara Islands,Seismic intensity 2
798,South Korean Peninsula,Seismic intensity 1
799,Offshore of Iwo Jima,Seismic intensity 1
800,Sea near the Tokara Islands,Seismic intensity 2
801,Sea near the Tokara Islands,Seismic intensity 1
802,Northern Nagano Prefecture,Seismic intensity 1
803,"Kumamoto region, Kumamoto prefecture",Seismic intensity 1
804,Sea near the Tokara Islands,Seismic intensity 2
805,"Noto region, Ishikawa Prefecture",Seismic intensity 1
806,Sea near the Tokara Islands,Seismic intensity 1
807,Sea near the Tokara Islands,Seismic intensity 1
808,Sea near the Tokara Islands,Seismic intensity 2
809,Sea near the Tokara Islands,Seismic intensity 2
810,Southern Ibaraki Prefecture,Seismic intensity 1
811,Sea near the Tokara Islands,Seismic intensity 2
812,Off Miyagi Prefecture,Seismic intensity 1
813,Southern Ibaraki Prefecture,Seismic intensity 4
814,Hokkaido northwest offing,Seismic intensity 1
815,Sea near the Tokara Islands,Seismic intensity 1
816,Southern Tokachi,Seismic intensity 1
817,Off the southeastern coast of the Nemuro Peninsula,Seismic intensity 2
818,Sea near the Tokara Islands,Seismic intensity 1
819,Off Miyagi Prefecture,Seismic intensity 2
820,Southeastern Hyogo Prefecture,Seismic intensity 3
821,Sea near the Tokara Islands,Seismic intensity 2
822,Sea near the Tokara Islands,Seismic intensity 1
823,Sea near the Tokara Islands,Seismic intensity 1
824,Northwest offshore of Amami Oshima,Seismic intensity 1
825,"Aso region, Kumamoto prefecture",Seismic intensity 3
826,Sea near the Tokara Islands,Seismic intensity 1
827,Sea near the Tokara Islands,Seismic intensity 1
828,"Aso region, Kumamoto prefecture",Seismic intensity 2
829,Central Iburi Region,Seismic intensity 1
830,Sea near the Tokara Islands,Seismic intensity 1
831,Sea near the Tokara Islands,Seismic intensity 3
832,Sea near the Tokara Islands,Seismic intensity 1
833,"Aso region, Kumamoto prefecture",Seismic intensity 2
834,Sea near the Tokara Islands,Seismic intensity 1
835,Sea near the Tokara Islands,Seismic intensity 2
836,Sea near the Tokara Islands,Seismic intensity 2
837,Off Miyagi Prefecture,Seismic intensity 1
838,Sea near the Tokara Islands,Seismic intensity 1
839,Southern part of Kyoto Prefecture,Seismic intensity 1
840,Sea near the Tokara Islands,Seismic intensity 1
841,Sea near the Tokara Islands,Seismic intensity 1
842,Sea near the Tokara Islands,Seismic intensity 1
843,Sea near the Tokara Islands,Seismic intensity 1
844,Sea near the Tokara Islands,Seismic intensity 1
845,Sea near the Tokara Islands,Seismic intensity 2
846,Sea near the Tokara Islands,Seismic intensity 1
847,Sea near the Tokara Islands,Seismic intensity 2
848,Sea near the Tokara Islands,Seismic intensity 1
849,Sea near the Tokara Islands,Seismic intensity 2
850,Sea near the Tokara Islands,Seismic intensity 1
851,Off the coast of Ibaraki prefecture,Seismic intensity 1
852,Sea near the Tokara Islands,Seismic intensity 1
853,Sea near the Tokara Islands,Seismic intensity 1
854,Sea near the Tokara Islands,Seismic intensity 1
855,Northern Wakayama Prefecture,Seismic intensity 1
856,Sea near the Tokara Islands,Seismic intensity 1
857,Sea near the Tokara Islands,Seismic intensity 1
858,Sea near the Tokara Islands,Seismic intensity 1
859,Sea near the Tokara Islands,Seismic intensity 1
860,Sea near the Tokara Islands,Seismic intensity 1
861,Sea near the Tokara Islands,Seismic intensity 1
862,Sea near the Tokara Islands,Seismic intensity 1
863,Sea near the Tokara Islands,Seismic intensity 2
864,Sea near the Tokara Islands,Seismic intensity 1
865,Sea near the Tokara Islands,Seismic intensity 1
866,Sea near the Tokara Islands,Seismic intensity 1
867,Sea near the Tokara Islands,Seismic intensity 1
868,Sea near the Tokara Islands,Seismic intensity 2
869,Sea near the Tokara Islands,Seismic intensity 2
870,Sea near the Tokara Islands,Seismic intensity 1
871,Sea near the Tokara Islands,Seismic intensity 2
872,Sea near the Tokara Islands,Seismic intensity 2
873,Sea near the Tokara Islands,Seismic intensity 1
874,Sea near the Tokara Islands,Seismic intensity 1
875,Sea near the Tokara Islands,Seismic intensity 1
876,Sea near the Tokara Islands,Seismic intensity 1
877,Sea near the Tokara Islands,Seismic intensity 1
878,Sea near the Tokara Islands,Seismic intensity 1
879,Sea near the Tokara Islands,Seismic intensity 1
880,Sea near the Tokara Islands,Seismic intensity 1
881,Sea near the Tokara Islands,Seismic intensity 2
882,Sea near the Tokara Islands,Seismic intensity 1
883,Sea near the Tokara Islands,Seismic intensity 2
884,Sea near the Tokara Islands,Seismic intensity 2
885,Sea near the Tokara Islands,Seismic intensity 1
886,Sea near the Tokara Islands,Seismic intensity 3
887,Sea near the Tokara Islands,Seismic intensity 3
888,Sea near the Tokara Islands,Seismic intensity 5 upper
889,Sea near the Tokara Islands,Seismic intensity 1
890,Sea near the Tokara Islands,Seismic intensity 1
891,Off the coast of Fukushima Prefecture,Seismic intensity 1
892,Sea near the Tokara Islands,Seismic intensity 1
893,Sea near the Tokara Islands,Seismic intensity 4
894,Off the coast of Fukushima Prefecture,Seismic intensity 3
895,Sea near the Tokara Islands,Seismic intensity 2
896,Okinawa main island coastal waters,Seismic intensity 1
897,Sea near the Tokara Islands,Seismic intensity 1
898,Off the east coast of Aomori Prefecture,Seismic intensity 1
899,Sea near the Tokara Islands,Seismic intensity 1
900,Off the coast of Fukushima Prefecture,Seismic intensity 3
901,Sea near the Tokara Islands,Seismic intensity 1
902,"Noto region, Ishikawa Prefecture",Seismic intensity 1
903,Sea near the Tokara Islands,Seismic intensity 1
904,Sea near the Tokara Islands,Seismic intensity 1
905,off the Noto Peninsula,Seismic intensity 2
906,off the Noto Peninsula,Seismic intensity 2
907,Sea near the Tokara Islands,Seismic intensity 1
908,Sea near the Tokara Islands,Seismic intensity 1
909,Sea near the Tokara Islands,Seismic intensity 2
910,Sea near the Tokara Islands,Seismic intensity 1
911,23 wards in Tokyo,Seismic intensity 1
912,Kagoshima Bay,Seismic intensity 2
913,Sea near the Tokara Islands,Seismic intensity 1
914,Sea near the Tokara Islands,Seismic intensity 2
915,Sea near the Tokara Islands,Seismic intensity 1
916,Sea near the Tokara Islands,Seismic intensity 1
917,Sea near the Tokara Islands,Seismic intensity 1
918,Sea near the Tokara Islands,Seismic intensity 1
919,Sea near the Tokara Islands,Seismic intensity 1
920,Sea near the Tokara Islands,Seismic intensity 1
921,Sea near the Tokara Islands,Seismic intensity 3
922,Sea near Izu Oshima,Seismic intensity 2
923,Sea near the Tokara Islands,Seismic intensity 1
924,Ariake Sea,Seismic intensity 1
925,Sea near the Tokara Islands,Seismic intensity 1
926,Sea near the Tokara Islands,Seismic intensity 1
927,Sea near the Tokara Islands,Seismic intensity 1
928,Sea near the Tokara Islands,Seismic intensity 3
929,Sea near the Tokara Islands,Seismic intensity 2
930,Sea near the Tokara Islands,Seismic intensity 1
931,Sea near the Tokara Islands,Seismic intensity 1
932,Sea near the Tokara Islands,Seismic intensity 1
933,Sea near the Tokara Islands,Seismic intensity 1
934,"Joetsu region, Niigata Prefecture",Seismic intensity 2
935,Sea near the Tokara Islands,Seismic intensity 2
936,Sea near the Tokara Islands,Seismic intensity 1
937,Sea near the Tokara Islands,Seismic intensity 1
938,Off the east coast of Aomori Prefecture,Seismic intensity 2
939,Sea near the Tokara Islands,Seismic intensity 1
940,Sea near Izu Oshima,Seismic intensity 1
941,Sea near Izu Oshima,Seismic intensity 1
942,Sea near Izu Oshima,Seismic intensity 1
943,Sea near Izu Oshima,Seismic intensity 1
944,Sea near Izu Oshima,Seismic intensity 1
945,Sea near Izu Oshima,Seismic intensity 1
946,Sea near Izu Oshima,Seismic intensity 1
947,Off the coast of Fukushima Prefecture,Seismic intensity 1
948,Sea near Izu Oshima,Seismic intensity 1
949,Sea near Izu Oshima,Seismic intensity 1
950,Sea near Izu Oshima,Seismic intensity 1
951,Sea near Izu Oshima,Seismic intensity 1
952,Sea near Izu Oshima,Seismic intensity 1
953,Sea near the Tokara Islands,Seismic intensity 1
954,Off the coast of Fukushima Prefecture,Seismic intensity 3
955,Sea near the Tokara Islands,Seismic intensity 1
956,Sea near the Tokara Islands,Seismic intensity 1
957,Sea near the Tokara Islands,Seismic intensity 1
958,Sea near Izu Oshima,Seismic intensity 1
959,Sea near the Tokara Islands,Seismic intensity 2
960,Sea near Izu Oshima,Seismic intensity 1
961,Sea near Izu Oshima,Seismic intensity 1
962,Sea near Izu Oshima,Seismic intensity 2
963,Sea near Izu Oshima,Seismic intensity 1
964,Sea near the Tokara Islands,Seismic intensity 1
965,Sea near the Tokara Islands,Seismic intensity 2
966,Sea near the Tokara Islands,Seismic intensity 2
967,Sea near the Tokara Islands,Seismic intensity 2
968,Sea near the Tokara Islands,Seismic intensity 1
969,Sea near the Tokara Islands,Seismic intensity 1
970,Sea near the Tokara Islands,Seismic intensity 1
971,Sea near the Tokara Islands,Seismic intensity 1
972,Sea near the Tokara Islands,Seismic intensity 1
973,Sea near the Tokara Islands,Seismic intensity 1
974,Sea near the Tokara Islands,Seismic intensity 1
975,Sea near the Tokara Islands,Seismic intensity 2
976,Sea near Izu Oshima,Seismic intensity 2
977,Sea near the Tokara Islands,Seismic intensity 1
978,Sea near the Tokara Islands,Seismic intensity 2
979,Sea near the Tokara Islands,Seismic intensity 3
980,Sea near the Tokara Islands,Seismic intensity 1
981,Sea near the Tokara Islands,Seismic intensity 2
982,Sea near the Tokara Islands,Seismic intensity 2
983,Sea near the Tokara Islands,Seismic intensity 2
984,Sea near the Tokara Islands,Seismic intensity 1
985,Sea near the Tokara Islands,Seismic intensity 1
986,Sea near the Tokara Islands,Seismic intensity 2
987,Sea near the Tokara Islands,Seismic intensity 2
988,Sea near the Tokara Islands,Seismic intensity 1
989,Sea near the Tokara Islands,Seismic intensity 2
990,Sea near the Tokara Islands,Seismic intensity 2
991,"Kumamoto region, Kumamoto prefecture",Seismic intensity 1
992,"Kumamoto region, Kumamoto prefecture",Seismic intensity 1
993,Sea near the Tokara Islands,Seismic intensity 1
994,Sea near the Tokara Islands,Seismic intensity 1
995,Sea near the Tokara Islands,Seismic intensity 2
996,Sea near the Tokara Islands,Seismic intensity 2
997,Sea near the Tokara Islands,Seismic intensity 1
998,Sea near the Tokara Islands,Seismic intensity 1
999,Sea near the Tokara Islands,Seismic intensity 1
